{"cameraMode":{"drawMode":0,"name":"Shaded","section":"Shading Mode"},"sceneLighting":true,"audioPlay":false,"sceneViewState":{"showFog":true,"showMaterialUpdate":false,"showSkybox":true,"showFlares":true,"showImageEffects":true,"showParticleSystems":true,"showVisualEffectGraphs":true,"m_FxEnabled":true},"in2DMode":false,"pivot":{"x":-0.9048173427581787,"y":-0.42216944694519045,"z":-0.5752649307250977},"rotation":{"x":-0.022531025111675264,"y":0.9774220585823059,"z":-0.14353610575199128,"w":-0.15342533588409425},"size":5.0033674240112309,"orthographic":false}